Date;Cumulative Cases;Cumulative Deaths;Hos;Q;R;Healthcare workers;Imported E1;Imported E2;Evacuated;Undetected Cumulative Deaths;Vaccinated;Vaccinated2;Vaccinated3
19-Jan-2020;0;0;0;0;0;0;2;0;0;0;0;0;0
20-Jan-2020;0;0;0;0;0;0;0;0;0;0;0;0;0
21-Jan-2020;0;0;0;0;0;0;0;0;0;0;0;0;0
22-Jan-2020;0;0;0;0;0;0;0;0;0;0;0;0;0
23-Jan-2020;0;0;0;0;0;0;0;0;0;0;0;0;0
24-Jan-2020;0;0;0;0;0;0;0;0;0;0;0;0;0
25-Jan-2020;0;0;0;0;0;0;1;0;0;0;0;0;0
26-Jan-2020;0;0;0;0;0;0;0;0;0;0;0;0;0
27-Jan-2020;0;0;0;0;0;0;0;0;0;0;0;0;0
28-Jan-2020;0;0;0;0;0;0;0;0;0;0;0;0;0
29-Jan-2020;0;0;0;0;0;0;0;0;0;0;0;0;0
30-Jan-2020;2;0;0;0;0;0;0;0;0;0;0;0;0
31-Jan-2020;2;0;0;0;0;0;0;0;0;0;0;0;0
01-Feb-2020;2;0;0;0;0;0;0;0;0;0;0;0;0
02-Feb-2020;2;0;0;0;0;0;0;0;0;0;0;0;0
03-Feb-2020;2;0;0;0;0;0;0;0;0;0;0;0;0
04-Feb-2020;2;0;0;0;0;0;0;0;0;0;0;0;0
05-Feb-2020;3;0;0;0;0;0;0;0;0;0;0;0;0
06-Feb-2020;3;0;0;0;0;0;0;0;0;0;0;0;0
07-Feb-2020;3;0;0;0;0;0;0;0;0;0;0;0;0
08-Feb-2020;7;0;0;0;0;0;0;0;0;0;0;0;0
09-Feb-2020;8;0;0;0;0;2;0;0;0;0;0;0;0
10-Feb-2020;8;0;0;0;0;0;0;0;0;0;0;0;0
11-Feb-2020;9;0;0;0;0;0;0;0;0;0;0;0;0
12-Feb-2020;9;0;0;0;1;0;0;0;0;0;0;0;0
13-Feb-2020;9;0;0;0;2;0;0;0;0;0;0;0;0
14-Feb-2020;9;0;0;0;3;0;0;0;0;0;0;0;0
15-Feb-2020;9;0;0;0;4;0;0;0;0;0;0;0;0
16-Feb-2020;9;0;0;0;12;3;0;0;0;0;0;0;0
17-Feb-2020;9;0;0;0;20;0;0;0;0;0;0;0;0
18-Feb-2020;9;0;0;0;28;0;0;0;0;0;0;0;0
19-Feb-2020;9;0;0;0;36;0;0;0;0;0;0;0;0
20-Feb-2020;9;0;0;0;44;0;0;0;0;0;0;0;0
21-Feb-2020;10;0;0;0;52;0;0;0;0;0;0;0;0
22-Feb-2020;10;0;0;0;60;0;0;0;0;0;0;0;0
23-Feb-2020;11;0;0;0;68;4;0;0;0;0;0;0;0
24-Feb-2020;13;0;0;0;76;0;0;0;0;0;0;0;0
25-Feb-2020;18;0;0;0;84;0;0;0;0;0;0;0;0
26-Feb-2020;22;0;0;0;92;0;0;0;0;0;0;0;0
27-Feb-2020;30;0;0;0;100;0;0;0;0;0;0;0;0
28-Feb-2020;42;0;0;0;108;0;0;0;0;0;0;0;0
29-Feb-2020;47;0;0;0;116;0;0;0;0;0;0;0;0
01-Mar-2020;69;0;0;0;124;16;0;0;0;0;0;0;0
02-Mar-2020;108;1;0;0;132;0;0;0;0;0;0;0;0
03-Mar-2020;164;3;0;0;140;0;0;0;0;0;0;0;0
04-Mar-2020;220;3;0;0;148;0;0;0;0;0;0;0;0
05-Mar-2020;270;6;0;0;156;0;0;0;0;0;0;0;0
06-Mar-2020;351;6;0;0;164;0;0;0;0;0;0;0;0
07-Mar-2020;419;6;0;0;182;0;0;0;0;0;0;0;0
08-Mar-2020;476;9;0;0;200;87;0;0;0;0;0;0;0
09-Mar-2020;623;14;0;0;218;0;0;0;0;0;0;0;0
10-Mar-2020;888;17;0;0;237;0;0;0;0;0;0;0;0
11-Mar-2020;1293;25;0;0;256;0;0;0;0;0;0;0;0
12-Mar-2020;1774;38;0;0;275;0;0;0;0;0;0;0;0
13-Mar-2020;2254;54;0;0;294;0;0;0;0;0;0;0;0
14-Mar-2020;2617;76;0;0;313;0;0;0;0;0;0;0;0
15-Mar-2020;3059;108;0;0;332;531;0;0;0;0;0;0;0
16-Mar-2020;3670;155;0;0;353;0;0;0;0;0;0;0;0
17-Mar-2020;4438;207;0;0;406;0;0;0;0;0;0;0;0
18-Mar-2020;5435;275;0;0;473;0;0;0;0;0;0;0;0
19-Mar-2020;6486;349;0;0;540;0;0;0;0;0;0;0;0
20-Mar-2020;7746;458;0;0;607;0;0;0;0;0;0;0;0
21-Mar-2020;8940;588;0;0;674;0;0;0;0;0;0;0;0
22-Mar-2020;10313;752;0;0;741;1809;0;0;0;0;0;0;0
23-Mar-2020;12637;938;0;1051;808;0;0;0;0;0;0;0;0
24-Mar-2020;15011;1175;0;654;948;0;0;0;0;0;0;0;0
25-Mar-2020;17702;1478;0;606;1088;0;0;0;0;0;0;0;0
26-Mar-2020;20793;1840;0;1162;1238;0;0;0;0;0;0;0;0
27-Mar-2020;23976;2238;7267;956;1389;0;0;0;0;0;0;0;0
28-Mar-2020;26791;2674;8278;624;1540;0;0;0;0;0;0;0;0
29-Mar-2020;29648;3180;9525;368;1691;5084;0;0;0;0;0;0;0
30-Mar-2020;33913;3771;11093;1075;1862;5654;0;0;0;0;0;0;0
31-Mar-2020;38428;4431;12597;1683;2041;6497;0;0;0;0;0;0;0
01-Apr-2020;43365;5200;13637;1372;2220;7605;0;0;0;0;0;0;0
02-Apr-2020;48223;6007;13875;1574;2412;8732;0;0;0;0;0;0;0
03-Apr-2020;53113;6847;15546;1960;2620;9844;0;0;0;0;0;0;0
04-Apr-2020;57116;7754;17502;1082;2835;10856;0;0;0;0;0;0;0
05-Apr-2020;60706;8671;18855;674;3064;12333;0;0;0;0;0;0;0
06-Apr-2020;65972;9566;19493;2220;3351;13434;0;0;0;0;0;0;0
07-Apr-2020;71403;10565;20234;2282;3676;14415;0;0;0;0;0;0;0
08-Apr-2020;76518;11640;20740;2148;4021;15887;0;0;0;0;0;0;0
09-Apr-2020;81373;12640;21005;2227;4380;17087;0;0;0;0;0;0;0
10-Apr-2020;85682;13584;21280;1846;4968;18637;0;0;0;0;0;0;0
11-Apr-2020;89243;14539;21254;1399;5590;20172;0;0;0;0;0;0;0
12-Apr-2020;92724;15497;21687;1415;6216;21900;0;0;0;0;0;0;0
13-Apr-2020;96893;16393;21308;2008;6520;23408;0;0;0;0;0;0;0
14-Apr-2020;101190;17251;21281;2209;6843;25086;0;0;0;0;0;0;0
15-Apr-2020;106228;18129;20582;3158;7211;26514;0;0;0;0;0;0;0
16-Apr-2020;111502;18973;20389;3263;7586;27922;0;0;0;0;0;0;0
17-Apr-2020;116437;19791;19330;2969;7980;0;0;0;0;0;0;0;0
18-Apr-2020;121143;20591;19456;3077;8394;0;0;0;0;0;0;0;0
19-Apr-2020;124997;21359;19574;2197;8830;0;0;0;0;0;0;0;0
20-Apr-2020;129841;22142;19331;3107;9276;0;0;0;0;0;0;0;0
21-Apr-2020;134607;22886;19139;3053;9914;0;0;0;0;0;0;0;0
22-Apr-2020;140097;23617;18533;3963;10597;0;0;0;0;0;0;0;0
23-Apr-2020;145233;24294;17867;3623;11309;31436;0;0;0;0;0;0;0
24-Apr-2020;150181;24977;17063;3423;12033;0;0;0;0;0;0;0;0
25-Apr-2020;153923;25624;16604;2487;12807;0;0;0;0;0;0;0;0
26-Apr-2020;157394;26257;16555;2116;13585;0;0;0;0;0;0;0;0
27-Apr-2020;162089;26852;16662;3157;14392;0;0;0;0;0;0;0;0
28-Apr-2020;166805;27412;15877;3199;15205;0;0;0;0;0;0;0;0
29-Apr-2020;172230;27984;15521;3936;16062;0;0;0;0;0;0;0;0
30-Apr-2020;177184;28535;15164;3511;16921;34060;0;0;0;0;0;0;0
01-May-2020;181911;29103;14723;3465;17813;0;0;0;0;0;0;0;0
02-May-2020;185136;29597;14380;2045;18709;0;0;0;0;0;0;0;0
03-May-2020;188116;30047;14188;1792;19610;0;0;0;0;0;0;0;0
04-May-2020;191496;30531;14097;2130;20520;0;0;0;0;0;0;0;0
05-May-2020;195170;30996;13723;2528;21446;0;0;0;0;0;0;0;0
06-May-2020;198987;31455;13148;2611;22380;0;0;0;0;0;0;0;0
07-May-2020;202752;31916;12626;2601;23350;35811;0;0;0;0;0;0;0
08-May-2020;205810;32299;12053;2148;24347;0;0;0;0;0;0;0;0
09-May-2020;207972;32677;12021;1219;25348;0;0;0;0;0;0;0;0
10-May-2020;210292;33025;11727;1405;26350;0;0;0;0;0;0;0;0
11-May-2020;213861;33334;11967;2540;27365;0;0;0;0;0;0;0;0
12-May-2020;217252;33655;11591;2408;28388;0;0;0;0;0;0;0;0
13-May-2020;220562;33972;11342;2344;29420;0;0;0;0;0;0;0;0
14-May-2020;223186;34306;10921;1715;30463;37109;0;0;0;0;0;0;0
15-May-2020;225714;34620;10691;1657;31510;0;0;0;0;0;0;0;0
16-May-2020;227792;34934;10238;1265;32568;0;0;0;0;0;0;0;0
17-May-2020;229626;35201;10199;1042;33626;0;0;0;0;0;0;0;0
18-May-2020;232210;35494;10231;1736;34716;0;0;0;0;0;0;0;0
19-May-2020;235262;35769;10013;2171;35815;0;0;0;0;0;0;0;0
20-May-2020;237962;36037;9563;1849;36931;0;0;0;0;0;0;0;0
21-May-2020;240528;36275;9293;1725;38065;38125;0;0;0;0;0;0;0
22-May-2020;242582;36498;9184;1315;39207;0;0;0;0;0;0;0;0
23-May-2020;244111;36718;8814;886;40356;0;0;0;0;0;0;0;0
24-May-2020;245474;36914;8814;776;41507;0;0;0;0;0;0;0;0
25-May-2020;247091;37115;8836;1015;42668;0;0;0;0;0;0;0;0
26-May-2020;248745;37328;8732;956;43829;0;0;0;0;0;0;0;0
27-May-2020;250572;37524;8220;1115;44995;0;0;0;0;0;0;0;0
28-May-2020;252328;37741;7907;1054;46163;38750;0;0;0;0;0;0;0
29-May-2020;253854;37927;7586;912;47335;0;0;0;0;0;0;0;0
30-May-2020;254974;38090;7267;552;48522;0;0;0;0;0;0;0;0
31-May-2020;256058;38216;7237;556;49712;0;0;0;0;0;0;0;0
01-Jun-2020;257495;38351;7247;833;50933;0;0;0;0;0;0;0;0
02-Jun-2020;258982;38519;7085;819;52157;0;0;0;0;0;0;0;0
03-Jun-2020;260341;38674;6813;726;53369;0;0;0;0;0;0;0;0
04-Jun-2020;261592;38808;6574;686;54588;39235;0;0;0;0;0;0;0
05-Jun-2020;262712;38931;6373;645;55816;0;0;0;0;0;0;0;0
06-Jun-2020;263519;39041;6143;401;57046;0;0;0;0;0;0;0;0
07-Jun-2020;264239;39169;5938;312;58285;0;0;0;0;0;0;0;0
08-Jun-2020;265336;39294;5926;685;59540;0;0;0;0;0;0;0;0
09-Jun-2020;266490;39384;5731;662;60797;0;0;0;0;0;0;0;0
10-Jun-2020;267678;39493;5471;676;62066;0;0;0;0;0;0;0;0
11-Jun-2020;268688;39573;5180;564;63344;39631;0;0;0;0;0;0;0
12-Jun-2020;269743;39653;5090;663;64626;0;0;0;0;0;0;0;0
13-Jun-2020;270633;39715;4941;505;65909;0;0;0;0;0;0;0;0
14-Jun-2020;271453;39801;4908;456;67192;0;0;0;0;0;0;0;0
15-Jun-2020;272497;39871;4870;604;68476;0;0;0;0;0;0;0;0
16-Jun-2020;273600;39955;4863;648;69769;0;0;0;0;0;0;0;0
17-Jun-2020;274611;40014;4719;579;71073;0;0;0;0;0;0;0;0
18-Jun-2020;275637;40075;4560;623;72386;39943;0;0;0;0;0;0;0
19-Jun-2020;276629;40127;4414;656;73705;0;0;0;0;0;0;0;0
20-Jun-2020;277316;40187;4252;430;75024;0;0;0;0;0;0;0;0
21-Jun-2020;277955;40241;4222;351;76343;0;0;0;0;0;0;0;0
22-Jun-2020;278852;40305;4281;503;77665;0;0;0;0;0;0;0;0
23-Jun-2020;279737;40369;4134;522;78995;0;0;0;0;0;0;0;0
24-Jun-2020;280515;40443;4030;410;80340;0;0;0;0;0;0;0;0
25-Jun-2020;281236;40511;3850;397;81701;40267;0;0;0;0;0;0;0
26-Jun-2020;281906;40552;3620;330;83064;0;0;0;0;0;0;0;0
27-Jun-2020;282558;40601;3544;365;84428;0;0;0;0;0;0;0;0
28-Jun-2020;283006;40646;3557;240;85792;0;0;0;0;0;0;0;0
29-Jun-2020;283734;40685;3748;508;87160;0;0;0;0;0;0;0;0
30-Jun-2020;284352;40732;3383;323;88530;0;0;0;0;0;0;0;0
01-Jul-2020;285009;40759;3198;388;89902;40458;0;0;0;0;0;0;0
02-Jul-2020;285618;40802;3079;392;91275;0;0;0;0;0;0;0;0
03-Jul-2020;286194;40831;2942;362;92650;0;0;0;0;0;0;0;0
04-Jul-2020;286596;40864;2801;200;94025;0;0;0;0;0;0;0;0
05-Jul-2020;287152;40891;2741;360;95400;0;0;0;0;0;0;0;0
06-Jul-2020;287863;40926;2699;507;96775;0;0;0;0;0;0;0;0
07-Jul-2020;288467;40953;2598;390;98150;0;0;0;0;0;0;0;0
08-Jul-2020;289171;40977;2454;496;99528;40635;0;0;0;0;0;0;0
09-Jul-2020;289889;41014;2344;505;100906;0;0;0;0;0;0;0;0
10-Jul-2020;290459;41035;2243;394;102284;0;0;0;0;0;0;0;0
11-Jul-2020;290908;41056;2118;272;103662;0;0;0;0;0;0;0;0
12-Jul-2020;291276;41069;2100;254;105040;0;0;0;0;0;0;0;0
13-Jul-2020;292009;41093;2112;544;106424;0;0;0;0;0;0;0;0
14-Jul-2020;292699;41114;1993;505;107809;0;0;0;0;0;0;0;0
15-Jul-2020;293471;41134;1974;606;109195;40779;0;0;0;0;0;0;0
16-Jul-2020;294176;41147;1829;539;110598;0;0;0;0;0;0;0;0
17-Jul-2020;294756;41165;1804;436;112001;0;0;0;0;0;0;0;0
18-Jul-2020;295255;41179;1776;394;113414;0;0;0;0;0;0;0;0
19-Jul-2020;295699;41193;1742;318;114827;0;0;0;0;0;0;0;0
20-Jul-2020;296511;41205;1734;682;116240;0;0;0;0;0;0;0;0
21-Jul-2020;297293;41225;1634;656;117654;0;0;0;0;0;0;0;0
22-Jul-2020;298092;41242;1747;641;119070;40927;0;0;0;0;0;0;0
23-Jul-2020;298890;41258;1538;598;120495;0;0;0;0;0;0;0;0
24-Jul-2020;299662;41265;1453;614;121920;0;0;0;0;0;0;0;0
25-Jul-2020;300185;41281;1400;404;123347;0;0;0;0;0;0;0;0
26-Jul-2020;300743;41297;1382;449;124781;0;0;0;0;0;0;0;0
27-Jul-2020;301599;41308;1369;726;126218;0;0;0;0;0;0;0;0
28-Jul-2020;302441;41320;1368;723;127656;0;0;0;0;0;0;0;0
29-Jul-2020;303478;41332;1349;905;129094;41050;0;0;0;0;0;0;0
30-Jul-2020;304402;41342;1313;792;130532;0;0;0;0;0;0;0;0
31-Jul-2020;305078;41356;1265;562;131971;0;0;0;0;0;0;0;0
01-Aug-2020;305621;41367;1289;415;133412;0;0;0;0;0;0;0;0
02-Aug-2020;306175;41377;1253;461;134856;0;0;0;0;0;0;0;0
03-Aug-2020;307215;41392;1250;930;136301;0;0;0;0;0;0;0;0
04-Aug-2020;308235;41406;1215;893;137746;0;0;0;0;0;0;0;0
05-Aug-2020;309293;41412;1199;918;139192;41180;0;0;0;0;0;0;0
06-Aug-2020;310376;41421;1154;982;140639;0;0;0;0;0;0;0;0
07-Aug-2020;311319;41433;1093;826;142086;0;0;0;0;0;0;0;0
08-Aug-2020;312014;41447;1026;554;143535;0;0;0;0;0;0;0;0
09-Aug-2020;312630;41455;982;510;144986;0;0;0;0;0;0;0;0
10-Aug-2020;314100;41468;1086;1384;146449;0;0;0;0;0;0;0;0
11-Aug-2020;315440;41478;1038;1226;147913;0;0;0;0;0;0;0;0
12-Aug-2020;316647;41485;1003;1106;149385;41342;0;0;0;0;0;0;0
13-Aug-2020;317794;41494;1007;1017;150864;0;0;0;0;0;0;0;0
14-Aug-2020;318956;41501;994;1060;152345;0;0;0;0;0;0;0;0
15-Aug-2020;319651;41513;973;596;153831;0;0;0;0;0;0;0;0
16-Aug-2020;320252;41517;978;521;155317;0;0;0;0;0;0;0;0
17-Aug-2020;321536;41529;981;1188;156807;0;0;0;0;0;0;0;0
18-Aug-2020;322620;41538;952;954;158300;0;0;0;0;0;0;0;0
19-Aug-2020;323860;41541;924;1125;159795;41459;0;0;0;0;0;0;0
20-Aug-2020;325322;41549;909;1364;161339;0;0;0;0;0;0;0;0
21-Aug-2020;326522;41556;888;1091;162883;0;0;0;0;0;0;0;0
22-Aug-2020;327348;41564;942;754;164430;0;0;0;0;0;0;0;0
23-Aug-2020;328174;41578;869;752;165977;0;0;0;0;0;0;0;0
24-Aug-2020;329445;41584;875;1180;167527;0;0;0;0;0;0;0;0
25-Aug-2020;330693;41596;843;1127;169078;0;0;0;0;0;0;0;0
26-Aug-2020;332042;41607;828;1217;170629;41624;0;0;0;0;0;0;0
27-Aug-2020;333592;41615;839;1398;172193;0;0;0;0;0;0;0;0
28-Aug-2020;335218;41625;817;1489;173808;0;0;0;0;0;0;0;0
29-Aug-2020;336440;41630;832;1112;175430;0;0;0;0;0;0;0;0
30-Aug-2020;337599;41636;830;1082;177054;0;0;0;0;0;0;0;0
31-Aug-2020;339100;41645;853;1410;178736;0;0;0;0;0;0;0;0
01-Sep-2020;341350;41648;861;2116;180445;0;0;0;0;0;0;0;0
02-Sep-2020;344345;41657;803;2849;182187;41844;0;0;0;0;0;0;0
03-Sep-2020;347442;41667;817;2952;183937;0;0;0;0;0;0;0;0
04-Sep-2020;350482;41674;818;2887;185693;0;0;0;0;0;0;0;0
05-Sep-2020;353025;41687;812;2413;187499;0;0;1;0;0;0;0;0
06-Sep-2020;355469;41695;818;2306;189323;0;0;0;0;0;0;0;0
07-Sep-2020;359330;41710;902;3719;191147;0;0;0;0;0;0;0;0
08-Sep-2020;362632;41719;894;3118;192974;0;0;0;0;0;0;0;0
09-Sep-2020;365961;41728;924;3127;194805;42346;0;0;0;0;0;0;0
10-Sep-2020;369553;41741;944;3374;196650;0;0;0;0;0;0;0;0
11-Sep-2020;372842;41754;770;3058;198498;0;0;0;0;0;0;0;0
12-Sep-2020;375511;41772;812;2453;200378;0;0;0;0;0;0;0;0
13-Sep-2020;377652;41788;843;1915;202524;0;0;0;0;0;0;0;0
14-Sep-2020;381045;41809;982;3138;204676;0;0;0;0;0;0;0;0
15-Sep-2020;384592;41827;1066;3277;206860;0;0;0;0;0;0;0;0
16-Sep-2020;388953;41853;1106;4077;209050;43220;0;0;0;0;0;0;0
17-Sep-2020;393583;41880;1162;4367;211251;0;0;0;0;0;0;0;0
18-Sep-2020;398538;41904;1221;4693;213464;0;0;0;0;0;0;0;0
19-Sep-2020;403392;41924;1300;4594;215691;0;0;0;0;0;0;0;0
20-Sep-2020;408710;41955;1398;5029;217919;0;0;0;0;0;0;0;0
21-Sep-2020;414311;41982;1558;5232;220147;0;0;0;0;0;0;0;0
22-Sep-2020;420715;42021;1636;6054;222385;0;0;0;0;0;0;0;0
23-Sep-2020;427770;42077;1730;6634;224632;44135;0;0;0;0;0;0;0
24-Sep-2020;435378;42112;1846;7186;226914;0;0;0;0;0;0;0;0
25-Sep-2020;442620;42144;2020;6859;229217;0;0;0;0;0;0;0;0
26-Sep-2020;449380;42183;2033;6409;231550;0;0;0;0;0;0;0;0
27-Sep-2020;456351;42230;2188;6631;233889;0;0;0;0;0;0;0;0
28-Sep-2020;466278;42284;2399;9484;236241;0;0;0;0;0;0;0;0
29-Sep-2020;476517;42332;2420;9799;238609;0;0;0;0;0;0;0;0
30-Sep-2020;489075;42389;2530;12106;240982;0;0;0;0;0;0;0;0
01-Oct-2020;502261;42456;2592;12661;243365;0;0;0;0;0;0;0;0
02-Oct-2020;515953;42524;2723;13164;245754;0;0;0;0;0;0;0;0
03-Oct-2020;527496;42591;2867;11012;248150;0;0;0;0;0;0;0;0
04-Oct-2020;539302;42651;3056;11178;250553;0;0;0;0;0;0;0;0
05-Oct-2020;555850;42723;3369;15925;252962;0;0;0;0;0;0;0;0
06-Oct-2020;572911;42794;3641;16339;255379;0;0;0;0;0;0;0;0
07-Oct-2020;591239;42896;3892;17644;257804;0;0;0;0;0;0;0;0
08-Oct-2020;609483;42989;4084;17533;260278;0;0;0;0;0;0;0;0
09-Oct-2020;625213;43068;4169;15027;262766;0;0;0;0;0;0;0;0
10-Oct-2020;637731;43171;4357;11798;265261;0;0;0;0;0;0;0;0
11-Oct-2020;649803;43294;4669;11249;267764;0;0;0;0;0;0;0;0
12-Oct-2020;669249;43407;4959;18562;270275;0;0;0;0;0;0;0;0
13-Oct-2020;688145;43517;5293;17874;272810;0;0;0;0;0;0;0;0
14-Oct-2020;707853;43633;5598;18728;275361;0;0;0;0;0;0;0;0
15-Oct-2020;726289;43784;5933;17392;277922;0;0;0;0;0;0;0;0
16-Oct-2020;744010;43933;6296;16810;280487;0;0;0;0;0;0;0;0
17-Oct-2020;758774;44111;6545;13739;283059;0;0;0;0;0;0;0;0
18-Oct-2020;772965;44270;6829;13105;285648;0;0;0;0;0;0;0;0
19-Oct-2020;798575;44461;7333;24516;288261;0;0;0;0;0;0;0;0
20-Oct-2020;823901;44656;7852;24139;290887;0;0;0;0;0;0;0;0
21-Oct-2020;849347;44877;8132;24188;293523;0;0;0;0;0;0;0;0
22-Oct-2020;872596;45113;8310;21974;296175;0;0;0;0;0;0;0;0
23-Oct-2020;894072;45335;8885;20186;298832;0;0;0;0;0;0;0;0
24-Oct-2020;910312;45549;9260;14984;301508;0;0;0;0;0;0;0;0
25-Oct-2020;926035;45799;9784;14303;304193;0;0;0;0;0;0;0;0
26-Oct-2020;952583;46076;10106;25016;306895;0;0;0;0;0;0;0;0
27-Oct-2020;976684;46342;10935;22612;309614;0;0;0;0;0;0;0;0
28-Oct-2020;1000301;46628;11431;22132;312387;0;0;0;0;0;0;0;0
29-Oct-2020;1023656;46939;11580;21771;315186;0;0;0;0;0;0;0;0
30-Oct-2020;1046340;47278;11785;21311;317997;0;0;0;0;0;0;0;0
31-Oct-2020;1062820;47598;12302;15022;320836;0;0;0;0;0;0;0;0
01-Nov-2020;1078577;47956;12217;14270;323677;0;0;0;0;0;0;0;0
02-Nov-2020;1110081;48290;13102;29938;326527;0;0;0;0;0;0;0;0
03-Nov-2020;1135676;48650;13747;24080;329433;0;0;0;0;0;0;0;0
04-Nov-2020;1159354;48979;13815;22001;332358;0;0;0;0;0;0;0;0
05-Nov-2020;1183100;49358;13793;22160;335289;0;0;0;0;0;0;0;0
06-Nov-2020;1206429;49758;13956;21915;338240;0;0;0;0;0;0;0;0
07-Nov-2020;1224959;50150;14312;16975;341205;0;0;0;0;0;0;0;0
08-Nov-2020;1244920;50565;14544;18274;344188;0;0;0;0;0;0;0;0
09-Nov-2020;1275971;51045;15138;29289;347186;0;0;0;0;0;0;0;0
10-Nov-2020;1303386;51434;14961;25568;350194;0;0;0;0;0;0;0;0
11-Nov-2020;1330746;51824;15662;25390;353212;0;0;0;0;0;0;0;0
12-Nov-2020;1355219;52245;15875;22559;356243;0;0;0;0;0;0;0;0
13-Nov-2020;1379261;52680;16232;22394;359332;0;0;0;0;0;0;0;0
14-Nov-2020;1397267;53110;16295;16394;362440;0;0;0;0;0;0;0;0
15-Nov-2020;1413303;53564;16860;14366;365561;0;0;0;0;0;0;0;0
16-Nov-2020;1439883;53987;17309;24812;368696;0;0;0;0;0;0;0;0
17-Nov-2020;1463052;54427;17434;21454;371844;0;0;0;0;0;0;0;0
18-Nov-2020;1483812;54914;17483;18978;375050;0;0;0;0;0;0;0;0
19-Nov-2020;1501572;55376;17457;16075;378292;0;0;0;0;0;0;0;0
20-Nov-2020;1518427;55827;17184;15308;381552;0;0;0;0;0;0;0;0
21-Nov-2020;1530787;56294;17063;10900;384862;0;0;0;0;0;0;0;0
22-Nov-2020;1542525;56769;17264;10250;388184;0;0;0;0;0;0;0;0
23-Nov-2020;1561303;57233;17680;17191;391517;0;0;0;0;0;0;0;0
24-Nov-2020;1577756;57694;17424;14957;394922;0;0;0;0;0;0;0;0
25-Nov-2020;1594377;58178;17132;15008;398367;0;0;0;0;0;0;0;0
26-Nov-2020;1608961;58611;16762;13160;401821;0;0;0;0;0;0;0;0
27-Nov-2020;1623337;59034;16571;13096;405283;0;0;0;0;0;0;0;0
28-Nov-2020;1634306;59501;15985;9749;408783;0;0;0;0;0;0;0;0
29-Nov-2020;1644993;59965;16312;9303;412297;0;0;0;0;0;0;0;0
30-Nov-2020;1663003;60388;16564;16606;415867;0;0;0;0;0;0;0;0
01-Dec-2020;1679462;60787;16311;14968;419456;0;0;0;0;0;0;0;0
02-Dec-2020;1695935;61173;15975;14985;423058;0;0;0;0;0;0;0;0
03-Dec-2020;1711582;61647;15657;14145;426681;0;0;0;0;0;0;0;0
04-Dec-2020;1727238;62119;15726;14223;430318;0;0;0;0;0;0;0;0
05-Dec-2020;1739978;62514;15687;11362;433968;0;0;0;0;0;0;0;0
06-Dec-2020;1753557;62934;15959;12109;437704;0;0;0;0;0;0;0;0
07-Dec-2020;1774890;63354;16414;19673;441451;0;0;0;0;0;0;0;0
08-Dec-2020;1795676;63789;16476;19003;445216;0;0;0;0;0;112500;0;0
09-Dec-2020;1817291;64219;16330;19862;448994;0;0;0;0;0;112500;0;0
10-Dec-2020;1839903;64668;16722;20861;452781;0;0;0;0;0;112500;0;0
11-Dec-2020;1863987;65120;16884;22397;456580;0;0;0;0;0;112500;0;0
12-Dec-2020;1883353;65557;16908;17567;460385;0;0;0;0;0;112500;0;0
13-Dec-2020;1905333;65975;17537;20227;464398;0;0;0;0;0;112500;0;0
14-Dec-2020;1940059;66454;18245;32771;468446;0;0;0;0;0;112500;0;0
15-Dec-2020;1973905;66913;18215;31889;472539;0;0;0;0;0;112500;0;0
16-Dec-2020;2008835;67346;18670;32851;476645;0;0;0;0;0;112500;0;0
17-Dec-2020;2042722;67883;18968;31743;480768;0;0;0;0;0;112500;0;0
18-Dec-2020;2078556;68397;19115;33916;485032;0;0;0;0;0;112500;0;0
19-Dec-2020;2103703;68886;19461;23103;489386;0;0;0;0;0;112500;0;0
20-Dec-2020;2136162;69392;20002;30291;493761;0;0;0;0;0;112500;0;0
21-Dec-2020;2183543;69967;21131;45012;498147;0;0;0;0;0;112500;0;0
22-Dec-2020;2229203;70529;21486;43181;502556;0;0;0;0;0;112500;0;0
23-Dec-2020;2271392;71094;21220;39915;507279;0;0;0;0;0;112500;0;0
24-Dec-2020;2303210;71675;21575;29736;512100;0;0;0;0;0;112500;0;0
25-Dec-2020;2317388;72287;20916;11996;516922;0;0;0;0;0;112500;0;0
26-Dec-2020;2357757;72940;21728;37839;521832;0;0;0;0;0;112500;0;0
27-Dec-2020;2405488;73591;22762;44860;526925;0;0;0;0;0;112500;0;0
28-Dec-2020;2451083;74268;24046;42464;532027;0;0;0;0;0;112500;0;0
29-Dec-2020;2532605;74924;25546;78273;537321;0;0;0;0;0;112500;0;0
30-Dec-2020;2603399;75643;26546;67508;542735;0;0;0;0;0;112500;0;0
31-Dec-2020;2656196;76399;26572;49882;548214;0;0;0;0;0;112500;0;0
01-Jan-2021;2688043;77149;26383;28479;553893;0;0;0;0;0;112500;0;0
02-Jan-2021;2748432;77908;27555;56950;559637;0;0;0;0;0;112500;0;0
03-Jan-2021;2803603;78666;29027;51523;565731;0;0;0;0;0;112500;0;0
04-Jan-2021;2879756;79506;30770;72217;571991;0;0;0;0;0;112500;0;71428
05-Jan-2021;2944852;80412;30681;60980;578374;0;0;0;0;0;112500;0;71429
06-Jan-2021;3002235;81343;31941;52990;584822;0;0;0;0;0;112500;0;71428
07-Jan-2021;3054164;82337;32578;47638;591342;0;0;0;0;0;112500;0;71429
08-Jan-2021;3101174;83320;33774;43012;598040;0;0;0;0;0;112500;0;71428
09-Jan-2021;3140255;84339;34028;34955;604891;0;0;0;0;0;112500;0;71429
10-Jan-2021;3176598;85435;35387;32410;611900;0;0;0;0;0;112500;0;71429
11-Jan-2021;3233692;86564;36748;52785;619049;0;0;0;0;0;112500;0;71428
12-Jan-2021;3283070;87773;36977;44802;626397;0;0;0;0;0;112500;0;71429
13-Jan-2021;3328448;88984;37483;41155;633827;0;0;0;0;0;112500;0;71428
14-Jan-2021;3370815;90210;37686;38267;641407;0;0;0;0;0;112500;0;71429
15-Jan-2021;3411217;91435;38125;36727;649098;0;0;0;0;0;112500;0;71428
16-Jan-2021;3441742;92741;37708;26586;656960;0;0;0;0;0;112500;0;71429
17-Jan-2021;3470584;94006;38163;25094;665002;0;0;0;0;0;112500;0;71429
18-Jan-2021;3515345;95301;39249;40699;673248;0;0;0;0;0;112500;0;71428
19-Jan-2021;3554811;96659;38841;35306;681611;0;0;0;0;0;112500;0;71429
20-Jan-2021;3589898;97956;38735;31043;690103;0;0;0;0;0;112500;0;71428
21-Jan-2021;3621563;99191;38054;28033;698684;0;0;0;0;0;112500;0;71429
22-Jan-2021;3651089;100432;38252;26135;707362;0;0;0;0;0;112500;0;71428
23-Jan-2021;3672912;101595;37392;18712;716188;0;0;0;0;0;112500;0;71429
24-Jan-2021;3690071;102752;37725;14049;725134;0;0;0;0;0;112500;0;71429
25-Jan-2021;3719971;103914;37752;26970;734170;0;0;0;0;0;171428;0;214285
26-Jan-2021;3746941;104975;37096;23825;743330;0;0;0;0;0;171429;0;214286
27-Jan-2021;3772610;106083;35509;22612;752576;0;0;0;0;0;171428;0;214286
28-Jan-2021;3796747;107190;34906;21096;761925;0;0;0;0;0;171429;0;214285
29-Jan-2021;3818517;108257;33846;19085;771333;0;0;0;0;0;171428;0;214286
30-Jan-2021;3835185;109168;33014;14196;780917;0;0;0;0;0;171429;0;214286
31-Jan-2021;3850555;110059;32585;12968;790573;0;0;0;0;0;171429;0;214286
01-Feb-2021;3872898;110949;32960;19743;800312;0;0;0;0;0;128571;0;285714
02-Feb-2021;3892650;111795;31766;17273;810134;0;0;0;0;0;128571;0;285714
03-Feb-2021;3912044;112652;30604;17036;820074;0;0;0;0;0;128572;0;285714
04-Feb-2021;3929995;113369;29413;15809;830089;0;0;0;0;0;128571;0;285715
05-Feb-2021;3945835;114119;28381;13836;840187;0;0;0;0;0;128572;0;285714
06-Feb-2021;3957802;114819;26913;10076;850373;0;0;0;0;0;128571;0;285714
07-Feb-2021;3969159;115453;26799;9508;860647;0;0;0;0;0;128572;0;285715
08-Feb-2021;3984856;116131;26741;13778;870974;0;0;0;0;0;114285;0;271428
09-Feb-2021;3998648;116735;25686;12039;881405;0;0;0;0;0;114286;0;271429
10-Feb-2021;4012126;117342;24415;11753;891904;0;0;0;0;0;114286;0;271428
11-Feb-2021;4024865;117912;23410;11061;902506;0;0;0;0;0;114285;0;271429
12-Feb-2021;4037016;118438;22323;10644;913165;0;0;0;0;0;114286;0;271428
13-Feb-2021;4045770;118927;20969;7328;924019;0;0;0;0;0;114286;0;271429
14-Feb-2021;4054523;119421;21053;7219;934937;0;0;0;0;0;114286;0;271429
15-Feb-2021;4068785;119937;20993;12760;945900;0;0;0;0;0;157142;0;214285
16-Feb-2021;4081261;120381;20214;10984;956926;0;0;0;0;0;157143;0;214286
17-Feb-2021;4092821;120810;19448;10152;968029;0;0;0;0;0;157143;0;214286
18-Feb-2021;4104224;121226;18522;10067;979193;0;0;0;0;0;157143;0;214285
19-Feb-2021;4114604;121607;17860;9109;990447;0;0;0;0;0;157143;0;214286
20-Feb-2021;4122654;121955;17042;6963;1001744;0;0;0;0;0;157143;0;214286
21-Feb-2021;4130522;122281;16857;6713;1013059;0;0;0;0;0;157143;0;214286
22-Feb-2021;4141761;122562;16855;10120;1024405;0;0;0;0;0;185714;0;185714
23-Feb-2021;4151144;122848;16115;8264;1035862;0;0;0;0;0;185714;0;185714
24-Feb-2021;4159678;123120;15534;7514;1047336;0;0;0;0;0;185714;0;185714
25-Feb-2021;4167392;123377;14849;6746;1058840;0;0;0;0;0;185715;0;185715
26-Feb-2021;4173960;123602;14077;5706;1070419;0;0;0;0;0;185714;0;185714
27-Feb-2021;4178775;123830;13269;4074;1082021;0;0;0;0;0;185714;0;185714
28-Feb-2021;4183484;124041;12788;3940;1093664;0;0;0;0;0;185715;0;185715
01-Mar-2021;4190360;124265;12894;6055;1105310;0;0;0;0;0;28571;0;285714
02-Mar-2021;4197010;124447;12139;5816;1116972;0;0;0;0;0;28571;0;285714
03-Mar-2021;4202975;124593;11523;5251;1128713;0;0;0;0;0;28572;0;285714
04-Mar-2021;4208692;124747;10933;5014;1140508;0;0;0;0;0;28571;0;285715
05-Mar-2021;4213990;124916;10312;4699;1152342;0;0;0;0;0;28572;0;285714
06-Mar-2021;4218481;125069;9711;3854;1164191;0;0;0;0;0;28571;0;285714
07-Mar-2021;4222752;125200;9459;3735;1176042;0;0;0;0;0;28572;0;285715
08-Mar-2021;4229393;125342;9474;6065;1187895;0;0;0;0;0;0;0;285714
09-Mar-2021;4235615;125476;9009;5643;1199763;0;0;0;0;0;0;0;285714
10-Mar-2021;4241645;125591;8436;5463;1211686;0;0;0;0;0;0;0;285714
11-Mar-2021;4247413;125710;8066;5218;1223630;0;0;0;0;0;0;0;285715
12-Mar-2021;4252995;125803;7728;5102;1235577;0;0;0;0;0;0;0;285714
13-Mar-2021;4257235;125908;7384;3779;1247526;0;0;0;0;0;0;0;285714
14-Mar-2021;4261533;126002;7315;3873;1259498;0;0;0;0;0;0;0;285715
15-Mar-2021;4268038;126092;7207;6005;1271495;0;0;0;0;0;0;0;300000
16-Mar-2021;4273711;126173;6847;5233;1283508;0;0;0;0;0;0;0;300000
17-Mar-2021;4279487;126251;6585;5330;1295561;0;0;0;0;0;0;0;300000
18-Mar-2021;4284959;126310;6150;5023;1307647;0;0;0;0;0;0;0;300000
19-Mar-2021;4289950;126380;5880;4610;1319777;0;0;0;0;0;0;0;300000
20-Mar-2021;4294046;126444;5567;3732;1331944;0;0;0;0;0;0;0;300000
21-Mar-2021;4299280;126524;5448;4877;1344120;0;0;0;0;0;0;0;300000
22-Mar-2021;4305475;126588;5431;5835;1356345;0;0;0;0;0;0;0;528571
23-Mar-2021;4310729;126637;5150;4887;1368728;0;0;0;0;0;0;0;528571
24-Mar-2021;4316734;126676;4880;5657;1381125;0;0;0;0;0;0;0;528572
25-Mar-2021;4322127;126721;4583;5055;1393688;0;0;0;0;0;0;0;528571
26-Mar-2021;4326512;126769;4485;4087;1406255;0;0;0;0;0;0;0;528572
27-Mar-2021;4330047;126805;4435;3265;1418967;0;0;0;0;0;0;0;528571
28-Mar-2021;4334693;126839;4184;4374;1431741;0;0;0;0;0;0;0;528572
29-Mar-2021;4338672;126873;4196;3729;1444609;0;0;0;0;0;12500;0;137500
30-Mar-2021;4342266;126915;3975;3338;1457539;0;0;0;0;0;12500;0;137500
31-Mar-2021;4346025;126953;3741;3490;1470612;0;0;0;0;0;12500;0;137500
01-Apr-2021;4349497;126984;3556;3238;1483701;0;0;0;0;0;12500;0;137500
02-Apr-2021;4352119;127012;3375;2385;1496891;0;0;0;0;0;12500;0;137500
03-Apr-2021;4354521;127042;3243;2180;1510113;0;0;0;0;0;12500;0;137500
04-Apr-2021;4356816;127067;3228;2098;1523367;0;0;0;0;0;12500;0;137500
05-Apr-2021;4359426;127084;3254;2376;1536663;0;0;0;0;0;12500;0;137500
06-Apr-2021;4362538;127112;3142;2890;1550008;0;0;0;0;0;22222;0;66666
07-Apr-2021;4365606;127140;3018;2834;1563399;0;0;0;0;0;22222;3448;66667
08-Apr-2021;4368586;127175;2871;2774;1576834;0;0;0;0;0;22222;3448;66667
09-Apr-2021;4371362;127198;2792;2572;1590301;0;0;0;0;0;22222;3448;66666
10-Apr-2021;4373611;127222;2649;2066;1603795;0;0;0;0;0;22223;3449;66667
11-Apr-2021;4375857;127243;2548;2044;1617289;0;0;0;0;0;22222;3448;66667
12-Apr-2021;4378566;127270;2491;2504;1630897;0;0;0;0;0;22222;3448;66666
13-Apr-2021;4380894;127290;2407;2147;1644557;0;0;0;0;0;22222;3448;66667
14-Apr-2021;4383287;127307;2294;2197;1658232;0;0;0;0;0;22223;3449;66667
15-Apr-2021;4385471;127328;2194;2023;1672086;0;0;0;0;0;0;3448;114285
16-Apr-2021;4387655;127345;2139;2027;1686023;0;0;0;0;0;0;3448;114286
17-Apr-2021;4389282;127366;2034;1470;1700006;0;0;0;0;0;0;3449;114286
18-Apr-2021;4391714;127382;1982;2291;1713993;0;0;0;0;0;0;3448;114285
19-Apr-2021;4394300;127399;2006;2410;1728033;0;0;0;0;0;0;3448;114286
20-Apr-2021;4396654;127418;1925;2220;1742087;0;0;0;0;0;0;3448;114286
21-Apr-2021;4399191;127442;1892;2366;1756191;0;0;0;0;0;0;3449;114286
22-Apr-2021;4401437;127458;1790;2127;1770386;0;0;0;0;0;28571;3448;85714
23-Apr-2021;4403322;127479;1748;1730;1784667;0;0;0;0;0;28571;3448;85714
24-Apr-2021;4404785;127487;1672;1335;1799055;0;0;0;0;0;28572;3448;85714
25-Apr-2021;4406779;127502;1624;1857;1813507;0;0;0;0;0;28571;3449;85715
26-Apr-2021;4409208;127513;1647;2296;1828059;0;0;0;0;0;28572;3448;85714
27-Apr-2021;4411267;127524;1570;1893;1842626;0;0;0;0;0;28571;3448;85714
28-Apr-2021;4413626;127538;1512;2251;1857246;0;0;0;0;0;28572;3449;85715
29-Apr-2021;4415708;127551;1462;1982;1871904;0;0;0;0;0;28572;3448;100000
30-Apr-2021;4417400;127559;1364;1582;1886587;0;0;0;0;0;28572;3448;100000
01-May-2021;4418747;127567;1284;1248;1901271;0;0;0;0;0;28572;3448;100000
02-May-2021;4420166;127579;1282;1300;1915955;0;0;0;0;0;28572;3449;100000
03-May-2021;4422135;127587;1300;1846;1930639;0;0;0;0;0;28572;3448;100000
04-May-2021;4424531;127597;1293;2295;1945478;0;0;0;0;0;28572;3448;100000
05-May-2021;4426917;127608;1236;2269;1960375;0;0;0;0;0;28572;3449;100000
06-May-2021;4429191;127629;1156;2033;1975336;0;0;0;0;0;42857;14285;85714
07-May-2021;4431054;127639;1153;1762;1990297;0;0;0;0;0;42857;14286;85714
08-May-2021;4432564;127647;1134;1402;2005308;0;0;0;0;0;42857;14286;85714
09-May-2021;4434731;127655;1115;2065;2020319;0;0;0;0;0;42857;14285;85715
10-May-2021;4437376;127663;1126;2543;2035407;0;0;0;0;0;42857;14286;85714
11-May-2021;4439572;127677;1103;2091;2050554;0;0;0;0;0;42857;14286;85714
12-May-2021;4441800;127688;1064;2112;2065712;0;0;0;0;0;42858;14286;85715
13-May-2021;4443891;127692;997;1988;2080913;0;0;0;0;0;42857;14285;142857
14-May-2021;4445738;127698;972;1753;2096127;0;0;0;0;0;42857;14286;142857
15-May-2021;4447316;127705;962;1488;2111381;0;0;0;0;0;42857;14286;142857
16-May-2021;4449168;127713;937;1774;2126639;0;0;0;0;0;42857;14285;142857
17-May-2021;4451925;127720;939;2657;2141931;0;0;0;0;0;42857;14286;142857
18-May-2021;4454626;127726;894;2577;2157250;0;0;0;0;0;42857;14286;142857
19-May-2021;4457337;127731;914;2587;2172590;0;0;0;0;0;42858;14286;142858
20-May-2021;4459763;127736;908;2296;2187997;0;0;0;0;0;42858;14285;185714
21-May-2021;4462050;127742;917;2168;2203424;0;0;0;0;0;42858;14286;185714
22-May-2021;4463981;127747;882;1811;2218851;0;0;0;0;0;42858;14286;185714
23-May-2021;4466213;127753;919;2119;2234278;0;0;0;0;0;42858;14285;185715
24-May-2021;4469432;127762;955;3089;2249723;0;0;0;0;0;42858;14286;185714
25-May-2021;4472713;127765;916;3155;2265176;0;0;0;0;0;42858;14286;185714
26-May-2021;4476497;127777;890;3664;2280653;0;0;0;0;0;42858;14286;185715
27-May-2021;4480120;127784;867;3501;2296133;0;0;0;0;0;42858;14286;185715
28-May-2021;4483594;127791;878;3348;2311613;0;0;0;0;0;42858;14286;185715
29-May-2021;4486504;127796;878;2817;2327094;0;0;0;0;0;42858;14286;185715
30-May-2021;4489581;127803;898;2972;2342580;0;0;0;0;0;42858;14286;185715
31-May-2021;4493351;127809;921;3649;2358087;0;0;0;0;0;42858;14286;185715
01-Jun-2021;4498483;127813;921;5061;2373595;0;0;0;0;0;42858;14286;185715
02-Jun-2021;4503994;127819;954;5061;2389109;0;0;0;0;0;42858;14286;185715
03-Jun-2021;4510852;127855;936;5969;2404626;0;0;0;0;0;42858;14286;185715
04-Jun-2021;4516562;127864;962;5587;2420150;0;0;0;0;0;42858;14286;185715
05-Jun-2021;4521179;127868;934;4494;2435678;0;0;0;0;0;42858;14286;185715
06-Jun-2021;4526580;127874;960;5248;2451210;0;0;0;0;0;42858;14286;185715
07-Jun-2021;4534290;127879;1030;7537;2466748;0;0;0;0;0;42858;14286;185715
08-Jun-2021;4541952;127887;1052;7474;2482287;0;0;0;0;0;42858;14286;185715
09-Jun-2021;4549932;127894;1059;7794;2497827;0;0;0;0;0;42858;14286;185715
10-Jun-2021;4557769;127903;1090;7635;2513370;0;0;0;0;0;42858;14286;185715
11-Jun-2021;4565202;127909;1072;7257;2528913;0;0;0;0;0;42858;14286;185715
12-Jun-2021;4571295;127917;1101;5916;2544457;0;0;0;0;0;42858;14286;185715
13-Jun-2021;4578216;127926;1136;6699;2560008;0;0;0;0;0;42858;14286;185715
14-Jun-2021;4588122;127933;1176;9684;2575570;0;0;0;0;0;42858;14286;185715
15-Jun-2021;4597290;127943;1227;8946;2591132;0;0;0;0;0;42858;14286;185715